<?xml version="1.0"?>
<config xmlns:xsi="http://www.w3.org/2001/XMLSchema-instance" xsi:noNamespaceSchemaLocation="../../../Config/etc/system_file.xsd">
	<system>
		<section id="homebanner_section" translate="label" type="text" sortOrder="20" showInDefault="1" showInWebsite="1" showInStore="1">
			<label>Home Banner</label>
			<tab>digital</tab>
			<!-- resource tag name which we have to defined in the acl.xml -->
			<resource>Digital_Homebanner::config_banner</resource>
			<group id="general" translate="label" type="text" sortOrder="1" showInDefault="1" showInWebsite="1" showInStore="1">
				<label>Configuration</label>
				<field id="enable" translate="label" type="select" sortOrder="1" showInDefault="1" showInWebsite="1" showInStore="1">
					<label>Enable</label>
					<source_model>Magento\Config\Model\Config\Source\Yesno</source_model>
				</field>
			</group>
		</section>
		<section id="promoproduct_section" translate="label" type="text" sortOrder="20" showInDefault="1" showInWebsite="1" showInStore="1">
			<label>Promo Product Setting</label>
			<tab>digital</tab>
			<resource>Digital_Homebanner::config_banner</resource>
			<group id="promoprod" translate="label" type="text" sortOrder="1" showInDefault="1" showInWebsite="1" showInStore="1">
				<label>Promo Product Setting</label>
				<field id="enablepromoproduct" translate="label" type="select" sortOrder="10" showInDefault="1" showInWebsite="1" showInStore="1">
					<label>Promo Product Enable</label>
					<source_model>Magento\Config\Model\Config\Source\Yesno</source_model>
					<comment>Select "No" means no popup show on frontend. You need to disable shopping cart rule if select "No".</comment> 
				</field>
				<field id="liftpercustomer" translate="label" type="select" sortOrder="10" showInDefault="1" showInWebsite="1" showInStore="1">
					<label>Lift the 1 per customer</label>
					<source_model>Digital\Homebanner\Model\Config\Source\Yesno</source_model>
					<comment>Select "Yes" means only one time purchase.</comment>
				</field>
				<field id="promoproductwarningvalue" translate="label" type="text" sortOrder="20" showInDefault="1" showInWebsite="1" showInStore="1">
	                  <label>Promo Product Warning Popup Show Value</label>
					  <comment>Only digit.... Ex. 400</comment>
	            </field>
				<field id="promoproductapplyvalue" translate="label" type="text" sortOrder="20" showInDefault="1" showInWebsite="1" showInStore="1">
	                <label>Promo Product First Gift Apply Value</label>
					<comment>Only digit.... Ex. 500</comment>
	            </field>
				<field id="promoproductsku" translate="label" type="text" sortOrder="20" showInDefault="1" showInWebsite="1" showInStore="1">
	                <label>Promo Product First Gift SKU</label>
	            </field>
	            <field id="both_gift" translate="label" type="select" sortOrder="10" showInDefault="1" showInWebsite="1" showInStore="1">
					<label>Apply Both Gift</label>
					<source_model>Digital\Homebanner\Model\Config\Source\Yesno</source_model>
					<comment>Select "Yes" means Both Gift Product Add To Cart.</comment>
				</field>
				<field id="promoproductfinalvalue" translate="label" type="text" sortOrder="40" showInDefault="1" showInWebsite="1" showInStore="1">
	                  <label>Promo Product Second Gift Apply Value</label>
					  <comment>Only digit.... Ex. 800</comment>
	             </field>
				 <field id="promoproductfinalsku" translate="label" type="text" sortOrder="50" showInDefault="1" showInWebsite="1" showInStore="1">
	                  <label>Promo Product Second Gift SKU</label>
	             </field>
			</group>
		</section>
	</system>
</config>