<?xml version="1.0"?> 
<config xmlns:xsi="http://www.w3.org/2001/XMLSchema-instance" xsi:noNamespaceSchemaLocation="../../../../../lib/internal/Magento/Framework/Acl/etc/acl.xsd">
<acl>
	<resources>
		<resource id="Magento_Backend::admin">
			<resource id="Digital_Homebanner::parent" title="Home Banner" sortOrder="10" >
				<resource id="Digital_Homebanner::homebanner" title="Manage Home Banner" sortOrder="1"/> 
                <resource id="Digital_Homebanner::settings" title="Configuration" sortOrder="2"/>               
            </resource>
			<resource id="Magento_Backend::stores">
				<resource id="Magento_Backend::stores_settings">
					<resource id="Magento_Config::config">
						<!-- this resource id we can use in system.xml for section -->
						<resource id="Digital_Homebanner::config_banner" title="Home Banner" sortOrder="20" />
					</resource>
				</resource>
			</resource>
			
		</resource>
	</resources>
</acl>
</config>